corrosive,,immune,,passive,
x,y,x,y,x,y
-1.51358360927033,2.02172453280847,-1.40759636615167,-0.688273748752687,2.23617270454838,2.03347345589605
-1.23129753685618,2.01177202814774,-1.15946968110685,-0.651288323713444,2.38766969583633,1.92929851593311
-1.24702341842253,1.96996919806669,-1.02586467077455,-0.692831221867783,2.30633266376795,1.85082795538991
-0.716827270902497,2.00744560563417,-1.53903527709465,-0.75116572248801,2.02491303110952,1.81900651129477
-0.831565555553951,1.93936076962956,-1.50411775493907,-0.834655857349357,2.19441030832259,1.64697778592873
-0.800243758384609,1.22923252210505,-1.2405901032363,-0.74020237144561,2.07804744912916,1.65721910384136
-1.53182216612827,1.30106615411942,-1.03974936786,-0.823403693055051,2.27942970935279,1.54790906425951
-1.12840781586422,1.05111561338881,-0.657801062543953,-0.838404653359114,2.26543670729788,1.42255833666672
-0.479357794853059,0.958250600370549,-1.31986934088484,-0.917886060283989,2.35013119341968,1.33915484578095
-0.460924289050078,0.869509840589528,-0.970889068274009,-0.943388270427399,2.0028838003203,1.28110915841263
-0.69321678755908,0.869105502036858,-0.340814077913151,-0.92140380569222,2.33516344663959,1.26079981053851
-1.62812694497674,1.14424055833378,-0.623425065235693,-0.895786070248046,2.43655855905293,1.17220345738344
-1.8786363393498,1.22213349237317,-1.04951847610576,-1.15240242083268,2.25566759905212,1.0935596088891
-1.89782797993903,1.34742645731557,-1.4314667814218,-1.13740146052861,2.33982056032659,1.03626483597574
-1.86096096833307,1.16994493775353,-1.71526912340846,-1.05434454554513,2.45932426363451,0.874592953823095
-0.0158775085235989,0.212321062139617,-1.71916810230921,-0.866361776143736,2.25999979783073,0.884689865109772
0.24678370342345,0.348548496799228,-1.67710245216892,-1.29448698824097,2.44457312679335,0.785794431391692
0.626349299411256,0.448425895573794,-1.62364311924088,-1.47193962647782,2.71113331764115,0.734039096649912
1.20361478666087,0.616532536978928,-1.38896791140365,-1.58641364700378,2.99428582981102,0.682312643233324
1.73056178509695,0.810661252380906,-1.41976984471956,-1.70134976873279,3.39271815147966,0.672562307848935
1.62526769378286,1.08724037493737,-1.60033588981197,-1.79565884801058,3.70916361126314,0.615671873488245
1.30741426939634,1.21201347602634,-1.75042491649687,-1.75936657477592,3.86347653175719,0.375731600068739
0.942708115219161,1.19571285608869,-1.22087859879363,-1.69055970564153,3.89189575574486,0.605546080876377
0.625396215679963,1.29437723920524,-0.986528305864787,-1.78936849538404,3.89406185513416,0.501111208986715
1.95453646195102,2.01209549898988,-1.25048917744542,-1.86293500690986,4.07408637537925,0.621529006236924
1.4068815533532,2.01636415885307,-1.24832307805611,-1.96736987879952,4.25768495961669,0.569629264869191
-0.616840123092207,1.98673191920738,-0.769636774013739,-1.84643221769588,4.34237944573849,0.486225773983415
-0.681801443777446,1.91873372717834,0.745085500583448,-1.31345145260044,4.39367267927722,0.413208007636224
-0.646883921621859,1.83524359231699,0.76254426166124,-1.35519652003112,4.52760260451791,0.355999878698436
-1.32597774116268,1.77662027844486,0.882047964969165,-1.51686840218376,4.77811199889096,0.27810694465905
-1.29192665876281,1.73490409233938,0.553472348605583,-0.875142685240962,4.9449016518674,0.236621809155093
-1.23868393577371,1.56789494129149,1.42461254000213,-1.27571511310624,5.22805416403727,0.184895355738504
-1.50405277195739,1.56221109649395,1.59508456194038,-1.49473953082263,5.52899035219332,0.0757586041077922
-1.73699510028318,1.59313721950818,-0.308461920386415,-0.918418462906745,5.77917483165798,0.013530900851856
-1.89184954562455,1.8591862109001,-1.68797334480828,-0.844783622439723,5.96234019601756,-0.0174818661379443
-1.61129635272185,1.93278160375111,-1.83687101682906,-0.865930528744372,6.23020004649894,-0.13189812401352
-1.57681205044412,1.87017844326769,-0.400833765695827,-1.30207319671455,6.46335898476366,-0.173267734216716
-1.49385044383376,1.87032284989365,-0.00196822414931973,-1.33271050647687,6.08086915460029,-0.132158055940237
-0.165273383403923,1.81519417636959,-0.927130934315112,-1.52753237368343,6.84574050995756,-0.209155668898711
-0.348113832855106,1.83054171257594,0.40187934599259,-1.60354802158541,7.11208409086643,-0.250467516451524
-0.34757230800778,1.80443299460353,0.638070823402338,-1.79112645243413,7.21315428837137,-0.323398638823142
1.11345236272855,1.72635423384367,-0.0906916551352264,-1.85505815387632,7.56235117092113,-0.359344336155518
0.912070102504923,1.83566427342553,0.294397494295304,-2.0214896784204,7.87901324064354,-0.426678257705175
0.82813375116938,1.88251555914992,0.52246609899516,-1.81743733968289,8.22777690331544,-0.441736980659619
0.296529639046299,1.91292181831072,1.06719677341743,-1.68071892249503,8.13006415986392,-0.530679909716977
0.162924628714003,1.95446471646506,0.935649557504973,-1.73838915263587,8.21443373107733,-0.598418169819303
0.810241770213725,1.94514760095853,1.23593591584424,-1.81619544269968,8.51352873475247,-0.618785280343802
1.3757886597672,1.87824689928673,1.58654076299705,-1.92002380676034,8.81305695830548,-0.660039365246234
1.51134315954987,1.7427126164317,1.96859737328255,-1.94024651065889,9.02778239076722,-0.612668215668407
0.850141320964711,1.62145726075096,1.8485521451273,-1.75246591053383,9.24369917789309,-0.622736245629894
0.402256950238245,1.61545572137633,1.94214929973915,-1.46509672488612,9.69169185358902,-0.621956449849744
0.368781347324018,1.59221682088862,2.35327496382911,-1.28683540954392,9.87474891297913,-0.647747473245062
0.102546071384619,1.62830692484695,2.58296814307095,-1.16110922472366,10.0914238348912,-0.69436770836793
-0.462317033713758,1.62503079633107,1.34852976210028,-0.844720083524304,10.4568881238547,-0.714619293591666
-0.575755658731628,1.49428503719266,0.718238161800494,-0.856261061070517,10.5732509830481,-0.724860611504297
-0.691543038439419,1.4395712685121,1.40318044969243,-1.07961190130047,10.9873008813136,-0.687586373213147
-0.811588266594668,1.62735186863716,1.4472512049153,-0.841619215438069,11.2211096493952,-0.760286444983241
-0.639599975083897,1.33522304059801,0.735981442093841,-0.986142352931704,11.6854780364742,-0.749034280688935
-0.256676925042671,1.2732263879436,1.25175136768111,-1.05312969857907,11.8666939113834,-0.686055662978039
-0.275868565631909,1.39851935288601,-0.907199893638567,-0.96289288615317,11.8643112020552,-0.571177303899411
0.257035206124752,1.30545217059142,-0.776735727420764,-0.8530052200675,12.1113548374054,-0.481974442915337
0.885702231882564,1.39531930205487,-0.409538558945888,-0.956804702802966,12.5592392081318,-0.475972903540705
1.66976522782907,1.193028724154,-0.511908416084412,-0.82121265729755,12.6597678807894,-0.522795307939909
1.70717376428236,0.98943848661954,1.01716280381944,-1.7428330729287,12.3940741296974,-0.512813921953994
0.0516240010370211,0.809011071888043,1.75069070101348,-1.90865808964377,12.9588628844646,-0.543162418464408
-0.0479299268954097,0.808837783936898,1.66567129998328,-1.80958936797454,13.2077477042957,-0.542729198586547
0.300183905959698,0.825109522549352,0.0504016180295321,-1.56926307103673,13.5060845731846,-0.526544103949664
0.497125662435248,0.929890970341302,-0.296629165130923,-1.63775224559402,13.6386065338222,-0.515869566159172
0.296826451906276,0.986983573978328,-0.563730880826046,-1.55988819287982,13.5372114214089,-0.427273213004105
-0.355005543672672,1.17676755183237,-0.689646238326309,-1.88908908993378,13.5022938992533,-0.343783078142757
-0.28647015899508,1.07244820524347,-0.189818804244325,-1.98743577847324,13.7344780927928,-0.338156995995603
-0.27009444761194,1.08292057375763,1.59846952957758,-1.80677731314021,13.9664456763934,-0.322087426659484
0.327012510043705,1.09440378865346,2.07827283795293,-1.77690345660218,14.0842165001899,-0.400211411300395
0.593031176044176,1.0687571718841,1.43931684009592,-1.37070494658974,14.2018790190169,-0.473113652346824
0.773272306228193,1.17873148194534,2.05767323276064,-1.58372782493149,14.2855987604135,-0.509521450882251
0.903303252568136,1.30950612240895,1.33575562829328,-1.17767372154501,14.5517257313835,-0.540389811246098
0.767965362724397,1.43459691807501,3.04003326044849,-0.983788595513886,14.7842348398314,-0.550428959882394
0.914696935355876,1.56017869626932,2.57436521373583,-0.932379836674396,15.0160941184625,-0.529137646951792
1.31334586696346,1.53998487369597,2.20825109495561,-0.880797789883761,15.3147559022598,-0.528617783098359
0.693507159364532,1.78726579373971,1.19084650544376,-0.665540483211497,15.7126466990811,-0.512259400510331
0.0795912704478867,1.78619718470765,3.14798228666194,-0.62558028167761,15.8764038129126,-0.407535715368763
0.410029732286269,1.85465747793975,2.28673180212505,-0.739032889531065,15.9075306611369,-0.308264824423202
-0.333592188061924,1.70714899766064,1.30648518448925,-0.678075964583521,15.9063393064727,-0.250825644883888
-0.549617280157249,1.72243877121661,0.0782201867780927,-0.659326208269703,15.8879058006698,-0.162084885102866
-0.993602671982967,1.52845446244058,0.924753489112135,-0.673518491468425,15.8693639898973,-0.0681223817273617
-0.925825422091634,1.46068732101306,2.17015233299269,-0.718348084429468,15.8834652969217,0.0520066022709402
-1.5723844288051,1.43345223135821,3.31364849425089,-0.687318974883801,15.7988791157694,0.130188349562233
-1.88698870410767,1.40157302461269,3.54561607785149,-0.671249405547683,15.7634200687664,0.239787202395997
1.52178024384674,0.253459480570835,3.97690812725589,-0.66527674749824,15.7773047658519,0.370359673583264
1.73845516575886,0.206839245447967,5.18742340361916,-0.665462574218708,15.808864833954,0.448743590150892
1.50388826289109,0.316091522379441,4.69138664346846,-0.749876911486159,15.8892271212972,0.57420984304444
1.46745447116299,0.472686067563552,5.15413045600555,-0.660298593274606,15.8385837175753,0.615897147824732
1.32324786746752,0.188157818075357,5.58769690976872,-0.763982550709309,15.5726733565443,0.636322020999613
-0.646850555448175,0.735960479258667,5.94003463643297,-0.951358812281695,15.4556606675341,0.677893800479143
2.67608816735252,0.488798888302231,6.08709112397285,-0.841442264870834,15.255578066944,0.724542916927202
1.20708288351407,0.914440306433061,6.11745983741089,-0.705619168763892,14.872005187086,0.817870031148511
0.132948150996344,0.664846907895568,6.14851233530404,-0.639972902844622,15.169908836097,0.854942100163326
-0.447349875398297,0.642949087135961,6.6477982445387,-0.712210873411664,15.3690166919619,0.855288676065614
-0.412757268151107,0.575124183058061,7.65895510045988,-0.663453420224682,15.6017424103488,0.834806040240352
-0.512311196083535,0.574950895106917,8.40669260964775,-0.714371196535931,15.749123812797,0.929057356867765
-0.89599238091102,0.673499752922709,9.26916840348708,-0.697204136842563,15.8451036767371,1.10154818343685
-1.09661650634839,0.746257587343184,10.0334238836659,-0.781717656854911,15.8229878019723,1.3678282254303
-1.14780143491765,0.814053610095892,10.2657163821749,-0.781313318302241,15.7880702798167,1.45131836029165
-1.42997920236234,0.818784371162133,11.4281536194451,-0.826287317889238,15.8688657870378,1.55589763880726
-1.47899803154229,0.782145522025179,12.4261839130671,-0.944654541050906,15.8338399599127,1.64460951726309
-1.39311219075638,0.64130285160009,13.4746410004721,-1.0942655818039,15.8321070804013,1.72815741477482
-1.60935389279063,0.667036112345024,14.708212941687,-1.36888077424739,15.7636800006932,1.82725501776924
-1.75684360020837,0.578006539312096,15.4238488579254,-1.47207374915385,15.7460046296764,1.87944357238888
-1.32533494086504,0.573535710172572,15.571771785221,-1.40393115049885,15.6939532613515,1.98901354389745
-1.09239261253925,0.542609587158343,15.7444099065485,-1.7273904401049,15.6924369917789,2.06211795422021
-1.02483197258685,0.485285932919793,14.9859285443897,-1.95847569922093,15.542347965094,2.09841022745488
-1.17329642472977,0.443252052237211,14.4056305179951,-1.98037351998054,13.717842449483,2.063902820117
-1.30722634997046,0.500460181175,13.9560132677572,-1.90282716184344,13.5855370987842,2.04278479513754
-1.50525115614066,0.44789616932788,13.8899688973773,-1.91860791792765,13.3203848725395,2.02665746315104
-1.28890114913694,0.416941164988461,13.2105501629281,-1.96156600101633,12.4912020263138,2.00432642251357
-1.22253186384866,0.417056690289224,12.4798381949401,-1.93150631775783,11.7615731080205,1.98216866982725
-1.45359905305523,0.320366803576465,11.8653807811762,-1.90646620881747,10.9320653468864,1.97550285997323
-1.76939468302191,0.345926776370257,11.0690576626862,-1.91307425602111,10.3347417792918,1.97446313226636
-1.78479564967987,0.288458715505752,9.84187571466968,-1.94654193565212,9.68731633282262,1.98900199136737
-1.78382090495468,0.241463023155404,9.04208683715683,-1.7860541878323,9.48864169683563,1.96776844108715
-1.78230463538217,0.168358612832641,7.79517172370376,-1.66812018454849,9.25580767347929,1.9934728205069
-1.71517721530763,0.131921932972022,8.5308657202871,-1.93838007315322,9.10539373188601,2.04543032452501
-1.69955963871074,0.178946506647561,8.34954154040843,-1.99613694726963,8.59103177090178,2.0445350034441
-1.12207754152219,0.336609660863729,7.81880386804107,-2.0075046368647,8.09326213123964,2.04366856368838
-0.890651482768914,0.378787948172264,7.08733376526688,-1.94089274844481,7.84459392134749,2.03279185662155
-0.840008079046976,0.337100643391972,6.09060313127847,-1.88518644841694,7.64700233505515,1.9593408703965
-1.10180285123831,0.159099259976494,5.14679030537076,-1.98082406865351,7.33153161999686,1.96923561240684
-1.30069409716423,0.14830919688524,1.01259467193832,-1.85747192876392,6.91531562234202,2.03639624600535
-1.36825473711663,0.205632851123791,1.19446037666431,-1.82582377261993,6.88353894430093,1.96845581662669
-1.43559876713011,0.252513018173376,0.115634575821266,-1.81203582797387,6.81911914846301,1.87434890662523
-1.43213300810722,0.0854172231499168,0.411697040351389,-1.68619411785285,6.10619085646126,1.84699829166962
-1.54762942754493,0.0538845923066837,-0.0242521227400105,-1.46763180133952,5.92226735731543,1.9145632638208
-1.71550213021602,0.147587163755472,0.263904079019151,-0.960602808821224,5.25694992989059,1.99173416473042
-1.69295303557336,-0.139579852615908,1.46970662606322,-1.49636294363925,5.0404916179174,2.02791091266432
-1.49297873995279,-0.181007225469483,2.27135834905088,-0.94666468128418,4.82479144073047,2.02753545543684
-0.622163463464637,-0.565914422551314,3.63012146761815,-0.894373140133102,4.69270269997069,1.99597394326842
-1.02157052985847,-0.509168394816578,5.54679451224413,-1.30356953170033,4.57677306065512,1.98532828680311
-1.27078026459794,-0.49393638391099,4.56578975982207,-1.20606040159141,4.34437225717665,1.99014569184493
-1.81984313779881,-0.42178505731952,2.35056323636827,-0.802605617472093,4.09462099758986,2.03148642072293
-1.84912880154221,-0.609825589371293,1.65350308554065,-0.83222151456191,3.41411921344599,2.04074577357908
-1.26893908011703,-0.582706025017202,2.37292967571031,-1.11817551527528,3.26478832154735,2.04048584165236
-0.190113279273984,-0.596493969663255,2.61639924706812,-0.856655115673263,3.18290976463164,1.98812399908157
-0.155953891904657,-0.64343189936322,-0.219046514525203,-0.950363463387089,3.10135612262433,1.92009692572734
0.489955284992017,-0.584866348141468,-0.94726746821544,-1.04040388280169,2.85192977794593,1.9457724238219
0.441586285628851,-0.652835658845321,-0.648713989387617,-1.03466227535378,2.51824216702359,2.03396443842429
2.14951233210757,-0.597643446405845,0.909299244652289,-1.02609227051567,2.93597443425094,1.89369939450302
2.11751904412754,-0.655140388595541,0.691432968076055,-0.922032855853486,2.60434461774844,1.88267828081024
1.73448768911685,-0.587921992346646,0.891515568666099,-0.968681972301545,2.66930593843368,1.95067647283928
1.38583233141441,-0.578085012986686,1.02468735912053,-0.989337896077952,2.37735906274324,1.6264085061279
1.07003670144773,-0.552525040192894,0.163186310006396,-1.05350064812167,2.39200189461494,1.72042877215378
0.938164570626879,-0.594530039550285,0.247339271280872,-1.11079542103503,2.58916026102942,1.81476673275677
2.46389999747121,-0.555320752471357,-0.568500402706731,-0.976445272512812,2.43939614925291,1.83539377520798
2.71267651233281,-0.549665788999012,-0.869111675954393,-0.88297375166555,2.92230634710443,1.75268343612678
3.45846453207031,-0.506592180609565,-1.23468426988729,-0.85750042284733,3.15514037046076,1.72697905670704
3.72599946764329,-0.605343207701693,-0.712199436193184,-1.24823587135265,3.203292759885,1.80539185459986
4.82000962520536,-0.551219604294274,-0.145786106883982,-1.35691052178031,3.43417729379095,1.87367885988081
4.68716274965933,-0.546228911301316,0.866670408670778,-1.37081399172712,3.42191717124749,1.66478023477629
5.13385576572167,-0.48278819238737,2.12941970865966,-1.45216690852436,3.55498065673246,1.64934605459437
5.39922460190536,-0.477104347589835,2.87769874269486,-1.52919340280802,3.53633054099054,1.74853030156436
5.70037740000034,-0.596684586409513,2.9787689401998,-1.60212452517964,3.30273838284796,1.81078688614548
6.44649033464624,-0.569276208803515,2.85612439277738,-1.28902207878699,3.50173793374335,1.81635520564226
6.46134977645686,-0.485699429966594,3.30584994798476,-1.37179018051857,3.71819624571654,1.78017845770835
6.26180870071414,-0.46515903149095,3.93235087435327,-1.17748817716545,3.81948305316041,1.69680384814777
6.11388577341855,-0.533301630145948,3.99503779067974,-0.999833369652261,3.95395450324843,1.61348700123757
6.86216480745375,-0.610328124429611,2.13464000818788,-0.903854949778444,3.80646479583069,1.52445742820464
7.16071828628157,-0.604586516981696,4.53281528606233,-1.32787901369859,3.63935022794586,1.58160779449204
7.34106772143505,-0.499833950514935,4.73777161027831,-1.60950659189839,3.47765090853429,1.3776709810553
7.55676789862198,-0.499458493287456,4.18164725306831,-1.99689758294662,3.95763687221025,1.43594771902514
7.15725252725868,-0.437490721958236,4.44398355010696,-1.84500491750356,4.55542761432099,1.3772541037333
6.93895303080459,-0.312544332918122,5.24149802326105,-1.89583604983924,4.84737449001144,1.70152207044469
6.67271775486519,-0.276454228959792,4.48065561276788,-1.21308729859554,4.18119062283088,1.82046692011017
5.60593546662667,-0.0433241720202591,6.63614111506467,-1.13622831599798,4.26491036422749,1.78405912157474
5.3570506467956,-0.04375739189812,6.09717226501796,-0.750743492412334,4.44818403355654,1.74782461099046
4.94083464914076,0.0234032417003918,5.0532639863305,-0.82044568262763,4.68242602151591,1.65423756484243
4.84225546593352,-0.0237657386011003,6.07449320441194,-1.25731038372758,4.70194257701354,1.51327936911658
4.60952974754666,-0.00328310277583821,5.89945071276225,-1.61792838632401,4.43852323028024,1.41360413961835
4.39155516600096,0.105998055480828,6.89878066601783,-1.79895653261947,3.61294840268519,1.18010919174216
4.52591831111951,0.0279029521651073,7.27293101353237,-1.43799195412075,2.81315952517233,1.34059693956198
4.12434514533637,0.189083851789505,6.21494308881444,-0.828867477053245,2.69473887155906,1.45005138576979
3.94052995116,0.251427080346205,6.08361248284091,-0.896981194383052,2.6117772649487,1.44990697914384
3.77352368824463,0.303355703039128,8.10235213069091,-0.627148749391145,2.78336629121992,1.13981875686185
3.63883562821769,0.397116037138298,6.80715466185025,-1.38136145168678,3.59988974966263,0.935291778151967
3.52149802429907,0.454353047401276,7.40767468919152,-0.771643005559591,3.55260379999412,0.815105031503284
3.2719633746512,0.485250289090315,7.69862515916289,-1.19933499777896,4.12889454251854,1.03020736525877
3.10484880676637,0.542400655377721,7.10628362016371,-1.44057493083205,4.17585557727866,1.1660593426909
2.95486808505094,0.573471185017903,8.3565561876702,-1.72038298554483,4.08910329673703,1.34867596187185
2.65533986149793,0.614725269920335,9.78403734621568,-1.74400790955085,3.87221176488597,1.40573968418369
2.18967181478527,0.666134028759826,8.70434510561691,-1.68844601614893,3.61877813633736,1.62461969527412
2.0883850073414,0.74950863832041,7.46187049591192,-1.78460350023893,3.54926800693459,1.77593473421336
1.81879227734857,0.947472793707716,7.189461836713,-1.45087401139506,3.65098803425632,1.67167315027485
1.81630126305087,1.06757289638083,8.47095082271431,-0.910148261122725,3.72688815685754,1.2122752392611
1.76435819969536,1.17192112429492,8.39275463476043,-1.14004938590593,3.46162762564333,1.20136965086908
1.66209664752629,1.30229142620585,9.02911131335027,-1.42092604965077,3.24571083851747,1.21143768083057
1.59442770260443,1.36483682403888,8.77621920964898,-1.22815475653276,4.96073232364363,1.68732584228897
1.51016643636048,1.42735334054673,10.304445650791,-1.30904557212694,4.40352491673898,1.35215228718557
1.37742786578392,1.4271222899452,9.65052190615391,-0.981202097356947,5.10516783092245,1.12360858468632
1.11151750475291,1.44754716312008,10.698545773681,-1.10992616373201,4.6283566659993,0.875054913855695
1.0439568648005,1.50487081735863,11.7920144063958,-1.02969384235217,4.19511512714453,0.963073640506948
1.05914122151953,1.5727823654121,11.7429955772158,-1.06633269148913,3.68584349972517,0.716756370485331
1.39098764796096,1.57335999191592,11.7642450122249,-1.29083878472671,5.26081436568839,0.782161019512247
1.58933736903956,1.61025877297959,10.2973841667819,-1.76858788976665,5.87238149991511,0.859261619002158
1.72099288992148,1.66270725952595,12.1165827388892,-1.4782150462991,5.78714548894599,0.968773827860349
1.70310090896583,1.72533930133455,13.3745666202216,-1.32981124493908,5.8319404243168,1.20906067718214
1.5692792886946,1.77732568667786,14.4909092624874,-1.55241117071407,5.76091402534151,1.43348012644415
1.55052086798323,1.88173167724233,12.7803838967415,-1.48228153688595,5.589683868617,1.68905674932192
1.78205523170597,1.91868822095638,13.2059357827642,-1.1995564683289,6.31519719807061,1.9096407585986
1.45085863508133,1.88678013288567,13.277070486709,-1.4291976611854,6.93236223607121,1.75405705979616
0.787707307045798,1.85951616190562,14.7194110870651,-1.36924580635449,7.31636833580709,1.63984297119692
0.405542391790826,1.88496060939865,12.1197235830036,-1.62964561053911,7.40268739647087,1.4781133263939
-0.509093075342949,1.98258526480834,14.1676405896276,-1.16655088990094,6.72294374711326,1.45082047408866
-0.891582905506314,2.02369494308482,15.5426154989763,-1.85867451930156,6.62580648314739,1.29692245843812
-1.34364784805414,-0.180747293542767,14.4402658587654,-1.51072386593378,6.17846363726825,1.26481220109107
-1.6420930219125,-0.191710644585166,12.5213184097807,-0.991870858882401,5.99399861327508,1.35848589121467
-1.70759586744506,-0.233600118641794,12.1130086748968,-1.30589750768115,5.69262920524117,1.48850961722331
-1.0578960166171,-0.35779559322695,10.4341516822225,-1.16260570087989,5.60775206381875,1.54351022667728
-0.976234069640329,-0.294990263467199,10.6624368968613,-0.968996849331347,7.40199717096124,1.43697279431373
-1.3415900536343,-0.279960421837946,9.51355944176818,-0.777785147773632,5.40515678793711,0.911303794517349
-1.07795409696206,-0.190728679528681,9.34893588818105,-0.840734884159337,6.16210021952952,0.416537812675037
-0.714222687510073,-0.127432367240689,10.0678209535034,-1.10058016690029,6.44351985218795,0.448359256770178
-0.617809603692136,0.0241714849504651,8.57472864445588,-1.11362297335642,6.09843855847787,0.285878697512196
0.218001506664853,0.526931817605569,8.6627805846311,-1.35890051567117,5.413279660647,0.519673024931115
0.0697536644608612,0.474454449734021,8.73174918918656,-1.484106836638,5.09412657662689,0.707107049153883
-0.294735879777386,0.447710342607409,9.19102724270076,-1.22743272340299,4.46437650117443,0.669457353635254
-0.544053919486319,0.468164097107481,8.75832722869332,-1.16552271472416,3.12968167311728,1.78233469470518
-0.180755729912192,0.552347383773407,10.4282815528775,-1.67958719805891,6.48338837459557,1.68895559409852
0.0188936507999936,0.52658524170328,10.5900891772586,-1.48087212821664,7.47589511477483,1.83689729425549
-1.09268357280933,0.519428449321019,12.0794991173443,-1.29029003954809,7.96129632692405,1.63408685250118
-0.94086166661299,0.399588278574623,12.2025768846445,-1.62427946031867,7.83234843027876,1.45109477609275
-0.740020931236687,0.316386956965184,11.4926811317878,-1.79783889591981,8.06734855302439,1.32095552478334
-0.706078153806288,0.279892514454183,11.9380744882166,-1.67173725387207,8.6141370218665,1.35846081367602
-0.904536179854356,0.248215476984996,11.8589035555375,-1.85464268630493,8.93926854020108,1.68278654303778
-0.884153184601001,0.0654833325032787,13.005073386394,-1.91531079800057,8.28826902973955,1.86964294075674
-1.50077669775428,0.194958313333299,12.6550100640885,-1.83759115191233,8.46915998974036,1.94828678925108
-1.61995548615381,0.34096496470249,13.5498040608163,-1.77859238081271,8.9887205892589,1.69853841779681
-0.051504579352397,-0.079281421882712,15.1016099569584,-1.43353662246829,9.15789295156358,1.54217492321422
0.166036782315441,-0.167675605761445,14.3180884858592,-1.25735476253983,9.62323608336783,1.50643139515818
0.32914406633006,-0.0316214590529778,13.5653812417203,-1.80403880078424,9.45048965707081,1.83511242835871
0.181546053942859,-0.115429288491424,13.9418059935936,-1.55273083776966,8.34844327077442,1.36844219966193
0.017030805325193,-0.183600768471611,13.5087810646778,-1.47515559830738,7.90012568017009,1.38332763466523
0.199546339867982,-0.183283073894513,13.0433296279041,-1.43419032665685,7.11812047864343,1.48640508427093
0.194672616242047,0.0516953878572259,12.8245969115721,-1.28835696323881,5.72154955838332,1.61974438641147
0.894799260853005,-0.103743904319257,12.6610564076796,-1.40352413556934,5.60291229483112,1.73964231980825
1.15605250819701,0.100366197068636,12.9898702949761,-1.25673768842,9.0384395997626,0.473512214634458
1.37294404004805,0.0433024747568016,13.0580807647452,-1.34539180422545,9.11119887824933,0.165544867860719
1.35743476842064,-0.00894384251322022,13.5716845909432,-1.30794427798316,8.35369226081571,-0.112536083605659
1.62540292387148,-0.128581843983279,14.4054162458865,-1.50492646831398,7.23897419309188,0.0317376882520892
1.82017858095773,0.0806344756983326,13.4860153600962,-1.17754509474703,6.85377673869188,0.203390956390645
2.13489116122976,0.107291938849372,13.6329635426666,-1.06240680374169,6.13651624791152,0.384910085214351
-0.0748644981185685,1.00976882590486,12.6548830244201,-1.1058847506838,5.70024216991173,0.619137632511132
-0.123666717359598,0.962686489578942,12.5866725546509,-1.01723063487836,6.28010697642851,0.661922427648672
0.15883596499348,0.942290497729251,11.1762169373054,-1.01446380392508,5.59678926307855,0.806947113961379
0.635572779585481,1.15721954353359,10.4275046833923,-0.916550335263487,5.07961137288824,0.941817126337027
0.816463739586289,1.23586339202793,10.2593070658128,-0.807182533031249,5.07582069895696,1.12457815214393
0.948552480346069,1.26742490419636,9.59669726262463,-0.86055522198371,12.6597895417833,0.276160343341195
1.25197968279983,1.03818804989253,9.69733424025172,-0.912599369977397,13.1477034292242,0.752205450194878
1.3000237672546,1.12182259137984,9.89655040108604,-0.917474537669591,9.12426045756684,1.93580259036606
1.38460994840693,1.04364084408854,8.67348404190921,-1.14936847389096,9.19463702672534,1.74271360267095
1.41844442086787,1.01236814517203,8.03636922853312,-0.83193960498474,9.38343424949711,1.44017016876803
1.70376303242704,0.856206819865777,7.65474583812547,-0.832603875464126,9.43786832715033,1.21572183818083
1.38915875712447,0.824327613120254,7.07628899621174,-0.943271337329946,9.64206651658005,0.970646465142408
1.50671297098202,0.756647115668309,6.52755103791926,-0.886785241521926,11.0547965382844,0.858223018704992
1.4743947680936,0.714815404262063,6.66234740291567,-0.985767319215579,12.0836287652223,0.854791917272334
2.53901095694281,0.586120219212192,7.05753057550036,-0.838865346765476,12.8465506311292,0.871785689014557
1.47201205876537,0.829693763340691,7.25414741706752,-0.718418668190075,13.8583573168671,0.88921268063464
2.70818331924748,0.429756724629607,7.13724303302676,-0.682068632305029,14.7920761196207,0.671516803877031
3.12450762187178,0.357374347436612,6.88911634798195,-0.719054057344271,15.5259289317231,0.490026556378515
2.54074383645425,0.502572321700463,11.9612546779771,-1.26375007417631,15.3642296123115,0.286089742941767
2.43253780460902,0.0823365014060888,12.860272568514,-1.40839930326154,14.7463064395247,0.478225646905584
2.24655651104335,0.24911460185245,12.8766482798971,-1.39792693474738,14.10202183717,0.341333941766586
1.845633175077,0.37896503990995,13.3551179740006,-1.26654578645477,15.2877663038691,-0.0273592793531723
1.64620040430375,0.39428369479111,13.8894297103603,-1.42749563547764,14.1884492028032,0.17438255336908
1.34688879068967,0.425094292504576,13.7323875046357,-1.85596742347716,12.4096050623187,0.338388046597132
1.57647366496204,0.556042220919323,12.8871538619352,-1.90443606341224,10.6019084779686,0.293466033395478
0.911589457415064,0.612326147451008,12.3967706211906,-1.46142541631171,8.87630706047317,0.290462375575642
0.991951744758254,0.737792400344556,10.9536718860483,-1.48482506598123,8.00668313864914,0.61793039311816
0.676589334669431,0.742465398760415,8.64279041356277,-1.26952633921445,7.20234545241874,0.99773137190627
0.679296958906062,0.611921808898338,6.11999943782164,-1.23736409548206,5.67704324545228,0.93763511044941
0.414144732661313,0.595794476911837,6.65019558534167,-1.19988768791458,4.74549054208804,1.05089611531736
0.366425563114936,0.496494704641086,4.773963616314,-1.14049035452733,4.75677591990631,1.30679043277222
0.239427155920022,0.219511243531956,8.25067373476142,-1.60148350093086,6.58299265403494,0.458794291317265
0.488420280720559,0.214722719815334,5.75489401840492,-1.27162410966255,7.4174080934333,0.191635270798771
0.704012152938023,0.220319920637297,5.50081056003951,-1.02141363700522,9.57733409947816,0.0544027660225219
0.853234739867202,0.225801596158496,5.48021095484723,-0.828238005334537,9.964589348298,-0.216463630411212
0.487120621086976,0.277383642949132,5.26331942299618,-0.771174283022702,9.48200406535488,-0.149418522113463
0.0394528602994406,0.260938616385532,5.90912029492339,-0.707386988206467,8.56747690319057,-0.0570156102982573
-0.379362456622561,0.453421096251639,6.58006958076042,-1.0560885560292,8.06364218523837,0.234535591237074
-0.384886010065287,0.719730019570276,4.75588898005774,-1.10626119415053,7.79307471052036,0.479495438974728
-0.948808325076786,0.708304567324825,4.03971153897203,-0.976959501271656,7.308106718249,0.661418906351105
-1.0643047445145,0.676771936481592,3.22896219854929,-1.08803130169015,6.28731072004542,1.07739663307312
2.91588122233841,-0.0212608120530418,3.24382164035992,-1.00445452285323,5.7589557570063,0.95115058439942
2.99613520471213,0.109427184434989,3.95672827136778,-1.77605955917871,6.47903217699275,0.633866122119152
3.65542150848523,0.285827556195651,4.54081697169371,-1.93692276422601,5.99233130520995,0.899337487007259
3.97165035832978,0.239380609023927,4.05671541917807,-1.7967732456055,6.04373284371814,0.821097977065585
4.03715320386234,0.281270083080555,3.94284357428234,-1.90663203036598,5.71611031108586,0.61687235037693
4.14399751938725,-0.107259818419442,3.72833475175953,-1.96444666713278,6.03493848019757,0.445103556937612
4.2276089558144,-0.138445873360387,3.95802793100136,-1.83872048231251,5.35963533458804,0.20371921725857
4.51541858167128,-0.414707301339748,3.84448100101403,-1.96424449785644,5.53673562065756,0.465124091559823
4.92979339484521,-0.393098293832048,3.01562306969671,-2.00224076927736,4.95838708371329,0.349234886099519
4.9783790041473,-0.335572470317161,2.2997705435194,-1.88860430718193,5.62608722046637,0.157185626111274
5.24017377633863,-0.157571086901685,2.47979506376448,-1.76818650993172,7.17155581274726,0.0449932302753835
5.50521769761391,-0.136222011320701,2.10772417166367,-1.42940856544452,6.92072150346581,0.138551395098218
4.7267865600796,-0.205462100332945,1.48666015476232,-1.08584209724069,6.92061319849634,0.143773138692702
4.56194639655354,-0.257968349529683,2.10198400828201,-1.15265615493691,6.553307725052,0.25279436502265
4.29679417030878,-0.274095681516184,1.91318678551024,-0.850112721033992,8.31126130007417,0.258783365627958
3.54775700148733,-0.160516982071139,1.79725714619467,-0.860758377499294,8.48144236174235,0.0165778100742515
3.32891598018591,-0.00946187505860863,1.38277402805128,-0.87714564141251,8.77631347160835,0.199858699734593
2.26852368514585,-0.0844146901935781,0.518240439792116,-0.795099572810699,10.5123338271663,0.500530623765155
1.77411149953712,-0.247155181378276,-0.309101221952691,-0.90620025455438,11.4266443793917,0.418571199138916
0.621226760573759,0.137261033175313,5.8698489129953,-1.2139827608469,12.4704443531097,0.493495132948695
0.324839381135241,0.0270845538377351,7.42118763462121,-0.809193659503773,12.7318059054232,0.692383490742104
0.177241368748041,-0.056723275600711,7.3028752859774,-0.704960956890446,12.4473537336197,0.806770867292489
0.213891770415071,-0.223761307973789,7.62679378865398,-1.12215169927047,10.4910843921573,0.725036717002737
0.281235800428544,-0.270641475023374,6.24202811006558,-1.55798244892859,9.95612282598077,0.917317027592508
0.944712043372474,-0.259042734826778,6.14128282746903,-1.50071655734042,9.3385245681023,1.09378770077288
1.24315721723083,-0.24807938378438,6.01222662585428,-1.67848689015437,9.31143895838652,0.762465928210668
1.27536711514979,-0.20102592878365,5.39484497791475,-1.51245970416297,8.30290308272641,1.3873422800372
1.67477418154363,-0.257771956518386,5.61032854516274,-1.50164075974652,7.45203758161375,1.61040430701524
1.98504625806758,-0.0170230059935403,8.45676872430427,-1.17521923241516,7.06846470175574,1.70373142123655
2.06540854541077,0.108443246900007,8.59015712469762,-1.20631864338053,4.70715643548725,1.95027396559466
2.14522930790664,0.260018217765971,8.46694939143399,-1.66606313029657,7.18144844590185,1.05640850347179
2.11042009072052,0.338286609032835,8.48397493263392,-1.68692122334931,7.95855826280869,0.389353864336729
1.72706382080143,0.421170236065178,7.57215539470625,-1.72506190139618,9.48567999326217,-0.438275166593726
1.593892030347,0.441826159841585,8.20732071863197,-1.9484993856017,11.1585802126158,-0.29437107569842
-0.580122989077816,-0.378872339282345,9.81406826263628,-1.81515430719613,12.9480599011019,-0.17115178990471
-0.362473322440512,-0.472488266755561,12.8252063456961,-1.39215841845277,11.1216048960404,-0.111667812541893
-0.0140345746770094,-0.471881758926556,13.4505159174005,-1.14041723556033,9.95851782895342,-0.0353633513879974
0.00028334228629128,-0.36219626211722,12.3676828326872,-0.933424777918406,10.3071731866559,-0.0452003307479585
-0.367130436127517,-0.247953292192788,11.2086030494704,-1.05032482976038,12.4762863804063,0.100203616578769
0.783804813385473,-0.538378122045681,8.50188857458347,-0.95059761387681,11.9969502465471,0.0105964170420254
0.370513049906195,-0.612204565498213,8.28261433340419,-0.778655532486348,11.8745223090637,0.31325537624571
2.24208790524686,-0.447066924322685,7.35192806979567,-0.707168476374265,13.8865253878129,0.107880272814464
1.4283060256791,-0.411929904095649,6.80654756555661,-0.812556431995221,13.9665627602477,0.249011756491461
0.964262553508421,-0.438847299173404,6.17733901495148,-0.876314845486266,13.6308173549055,0.436416899389037
0.681651566185877,-0.413229563729231,5.23482584867736,-1.03461338885663,13.6774534747573,0.58793410760462
1.8904000083994,-0.291021124317197,7.39518507460008,-1.19273286801081,7.84899988199262,0.797109993430964
1.17498070209995,-0.198271636599703,10.5156245328442,-1.23952061481979,7.43961997952315,0.757935505112719
1.64259823826298,-0.343671780139889,11.9105708785623,-1.29453376304308,7.26893134764596,0.987403410018067
2.27408119322688,-0.389569982132989,13.2863255836912,-1.22425394632397,6.53258752124583,1.28899376018969
2.14004296301673,-0.327140109600719,13.5991969794823,-1.10882684206672,6.47793683365368,1.52388557796586
2.45497215322769,-0.310926133638645,11.3714937235461,-0.90382719586295,6.34108267423743,1.72208078395469
2.57144331739059,-0.32638919514576,9.52682182262062,-0.766045945908078,5.52448486546357,1.89298313763829
2.9699839440287,-0.341361274124631,8.21472877854339,-0.705666647464348,3.65247679024505,1.74873247084069
3.0160785390331,-0.163735347936634,7.7198833730568,-0.847520164271113,3.74966030249366,1.02598209796859
2.73184297716858,-0.0597914585752146,6.50961866127077,-0.896624193360384,3.58102946503631,1.15623687457876
2.63445514862545,-0.164399618416021,4.53235044937647,-0.803142106222293,3.20352166346834,0.957146347509016
2.65180560473378,-0.200922942252211,1.62696133850251,-0.72464844061894,2.70098660514973,1.18603662591055
2.6358631132285,-0.232282285144301,0.133544114546606,-0.722026016291622,2.04587150584852,1.57131928021986
3.16984993467982,-0.377566903383724,-0.98747730240009,-1.07384676723496,2.76746419540748,1.18093040761683
3.28675431872057,-0.413916939268771,-0.772535259999416,-1.0369191048461,3.66474920643293,1.11982907604333
4.23341702847269,-0.492891021109538,8.69983903042253,-0.931658227055981,4.02577299164829,1.3136689781934
3.93388880491968,-0.451636936207106,5.76527256077463,-1.04642683709888,3.6737197841996,1.41290901533527
3.91458885936098,-0.32112222767022,5.42963546040192,-0.86424343779579,10.2518387146086,0.259868317215883
3.63338583664148,-0.363387158954327,5.34764859851675,-0.911383536772092,13.5720358585344,0.182096684742298
3.81752594572625,-0.441395618294475,3.28944261979362,-0.87841261593436,15.1674980247204,0.0595474456930125
3.83487640183458,-0.477918942130666,3.24302310988083,-1.04037331133891,10.1155044190458,-0.367000846048805
3.50508776981298,-0.577709696929659,3.89250635076985,-1.1541252987351,2.45832426363451,1.07459295382309
3.28960420256498,-0.588528641346104,3.07515040720974,-0.94667073989012,2.25899979783073,1.08468986510977
2.30740809547881,-0.433580331697865,3.55608945461699,-1.73434534555173,2.44357312679335,0.985794431391692
1.82287332308531,-0.27254383869942,5.1167424036169,-1.77862619333414,2.71013331764115,0.934039096649912
1.15766420062994,-0.200594681384286,5.0849657255758,-1.84656662271281,2.99328582981102,0.882312643233324
0.777340469855874,-0.26391987499747,8.44941628002505,-1.65794268789218,3.39171815147966,0.872562307848935
0.51207993864166,-0.274825463389488,8.35657726019946,-1.98186407870128,3.70816361126314,0.815671873488245
0.0854450029242706,-0.505333096001701,11.192586207634,-1.11530879767876,3.86247653175719,0.575731600068739
-0.168638455441134,-0.255122623344375,12.9498559982011,-1.03914296688578,3.89089575574486,0.805546080876377
-0.23728214508819,-0.145581533160993,11.3181022998947,-0.804067294867645,3.89306185513416,0.701111208986715
-1.11970771430301,-0.000903422750574867,11.850681156743,-0.881469246378788,4.07308637537925,0.821529006236924
-1.41880271797816,0.0194636877739249,13.2492015664535,-1.10879993322002,4.25668495961669,0.769629264869191
-1.10214064825575,-0.047870233775732,12.3197066575091,-1.09475205664725,4.34137944573849,0.686225773983415
-1.06689821119177,-0.147025599420529,12.4387771409391,-1.23553696442196,4.39267267927722,0.613208007636224
-1.18120327596536,-0.235997409803077,11.5246831986527,-1.16402102698469,4.52660260451791,0.555999878698436
-1.12861038279305,-0.371676099284065,9.61194308756576,-0.981653773439623,4.77711199889096,0.47810694465905
3.67244060863064,0.153652100875071,10.0428019170923,-0.954794141012248,4.9439016518674,0.436621809155093
3.52451768133504,0.0855095022200745,10.0272926454649,-1.00704045828227,5.22705416403727,0.384895355738504
3.00972250047297,0.105501155517095,10.1940822984413,-1.04852559378623,5.52799035219332,0.275758604107792
2.54318801400459,0.19868386311245,9.96103166514605,-1.01237772717752,5.77817483165798,0.213530900851856
2.67700963427581,0.146697477769145,9.68015355733495,-1.07030788924507,5.96134019601756,0.182518133862056
1.95920761864813,0.354325324565267,14.2666740652419,-1.40174997713383,6.22920004649894,0.06810187598648
2.3585063800725,0.302801040425014,14.1505278159874,-1.40195214641017,6.46235898476366,0.026732265783284
2.32662139706194,0.240082354640835,15.1152651619958,-1.51515538862773,6.07986915460029,0.067841944059763
0.165937256230821,0.413867064578465,15.0675459924494,-1.61445516089849,6.84474050995756,-0.009155668898711
0.349210925559864,0.377632553994182,14.5695597428484,-1.60487811346524,7.11108409086643,-0.050467516451524
0.565560932563585,0.346677549654763,14.7880758492414,-1.74026798969432,7.21215428837137,-0.123398638823142
0.781282770744408,1.14600865816335,14.508064181186,-1.83997210051774,7.56135117092113,-0.159344336155518
0.262372001042651,1.36442656805072,14.1574593340332,-1.73614373645709,7.87801324064354,-0.226678257705175
0.578167631009337,1.33886659525693,14.0726565429419,-1.64751850197683,8.22677690331544,-0.241736980659619
-0.668964092382659,1.4672440857297,13.7078420837953,-1.65859737831999,8.12906415986392,-0.330679909716977
0.290574615091395,1.60468453604733,15.2679535079479,-1.67676950812999,8.21343373107733,-0.398418169819303
4.2614030325825,-0.242189565923968,15.4986214319149,-1.59803901566008,8.51252873475247,-0.418785280343802
4.49423705593883,-0.267893945343713,15.5776840596245,-1.40991183963273,8.81205695830548,-0.460039365246234
6.10975730246982,-0.557510098091266,14.5120931260501,-1.23422096223251,9.02678239076722,-0.412668215668407
5.67868186300436,-0.573926243329674,10.7826115025153,-1.42348028620733,9.24269917789309,-0.422736245629894
5.79461150231992,-0.563280586864373,9.35610508869502,-1.44685105455167,9.69069185358902,-0.421956449849744
6.2396799438403,-0.42151371403318,5.11358282480346,-0.900710971460096,9.87374891297913,-0.447747473245062
6.08731651279663,-0.27556482531437,4.76546899194835,-0.916982710072551,10.0904238348912,-0.49436770836793
6.18741196557638,-0.301500255335641,4.39978809304599,-0.886287637659849,10.4558881238547,-0.514619293591666
5.42373196488323,-0.281941821916482,3.65226719379705,-0.845813348537566,10.5722509830481,-0.524860611504297
5.52220284312101,-0.229551098020507,2.77287416372726,-0.847344058772675,10.9863008813136,-0.487586373213147
5.57306285678187,-0.281681889989766,1.46143094946681,-0.818295221895844,11.2201096493952,-0.560286444983241
5.57403760150706,-0.328677582340114,4.44999827689006,-0.907087968062209,11.6844780364742,-0.549034280688935
5.93939358550103,-0.343707423969366,7.08339028744908,-1.47169477048073,11.8656939113834,-0.486055662978039
6.93839862384821,-0.509070339481382,7.16797646860141,-1.54987651777202,11.8633112020552,-0.371177303899411
6.82073610502119,-0.436168098434953,8.0990959520878,-1.64225054826204,12.1103548374054,-0.281974442915337
6.6560042464646,-0.493896091226174,8.81202424408954,-1.61489993330642,12.5582392081318,-0.275972903540705
4.01533414195752,-0.37838811925839,8.93076981261121,-1.74001961029768,12.6587678807894,-0.322795307939909
2.99789559780736,-0.124284443965352,9.44643143322901,-1.80178521235057,12.3930741296974,-0.312813921953994
3.17997791247229,-0.103079775010322,11.3039049815453,-1.75677655517334,12.9578628844646,-0.343162418464408
2.03034232259288,0.124684131708774,12.417431694605,-1.84361114749177,13.2067477042957,-0.342729198586547
2.11449528386736,0.0673893587954138,12.6351896662118,-1.94244881855947,13.5050845731846,-0.326544103949664
2.63232300387446,-0.0988111151471325,14.3428991027516,-1.87681311893103,13.6376065338222,-0.315869566159172
3.00211949161651,-0.327932444150193,14.8245096409695,-1.89686253487843,13.5362114214089,-0.227273213004105
2.75399280657169,-0.364917869189435,9.2599302758099,-0.809942742650686,13.5012938992533,-0.143783078142757
2.63806316725612,-0.375563525654736,8.24595749068263,-0.722934862381108,13.7334780927928,-0.138156995995603
2.12061597778962,0.535081000164691,7.64971697278271,-0.776192026032805,13.9654456763934,-0.122087426659484
1.96955220637953,0.618368965749704,8.37912928113707,-0.743590786157514,14.0832165001899,-0.200211411300395
2.01922086537628,0.623677353319759,9.31125981784549,-0.680059899868445,14.2008790190169,-0.273113652346824
2.28567275125461,0.577143762172462,8.68161804736249,-0.722931338981557,14.2845987604135,-0.309521450882251
2.35337565081479,0.475751995718656,8.30086109671057,-0.765369558216808,14.5507257313835,-0.340389811246098
2.16977706657735,0.527651737086388,7.34218882899224,-0.944583957290295,14.7832348398314,-0.350428959882394
2.03454748170308,0.647520789157974,7.59040215801262,-1.71177592712664,15.0150941184625,-0.329137646951792
2.25133070858466,0.595678810440622,8.63409382676115,-1.63163024972238,15.3137559022598,-0.328617783098359
-1.0654006763182,0.506354647890748,12.8238282485354,-1.23269250486289,15.7116466990811,-0.312259400510331
-1.29671843010201,0.45895461698773,12.8749048721352,-1.29526678402112,15.8754038129126,-0.207535715368763
-0.253005100359593,1.3380559456731,12.2772563896322,-1.28064128094453,15.9065306611369,-0.108264824423202
-0.187718864765958,1.39038890691869,11.4959010179223,-1.20889429290573,15.9053393064727,-0.050825644883888
-0.192267673483498,1.60970213788698,5.55498354486497,-1.17745985856815,15.8869058006698,0.037915114897134
1.42924330100639,0.994043718822082,5.2864738645668,-1.03171313912567,15.8683639898973,0.131877618272638
1.59787413846373,0.863788942211913,4.93955138637582,-1.10542405727744,15.8824652969217,0.25200660227094
6.59060326484697,-0.652324671145122,5.00351630134197,-1.78938582417916,15.7978791157694,0.330188349562233
6.52304262489457,-0.595001016906571,3.86027070466102,-1.86970478953456,15.7624200687664,0.439787202395997
6.19000484378902,-0.538139463871072,4.14363982676981,-1.93187473014012,15.7763047658519,0.570359673583264
6.30539295825726,-0.501385089433354,1.48637740094067,-1.81639563949752,15.807864833954,0.648743590150892
7.03307238710017,-0.385235952046335,1.5470065228473,-1.53952770368916,15.8882271212972,0.77420984304444
3.51723314633245,-0.474906690498499,10.8137746592365,-1.12130878613234,15.8375837175753,0.815897147824732
3.73293332351938,-0.474531233271019,10.2312022284831,-1.0335499914078,15.5716733565443,0.836322020999613
3.35271789771478,-0.543078170478686,4.71746121599044,-0.797716642430421,15.4546606675341,0.877893800479143
1.19625765069281,-0.572941460725895,-0.974463132266361,-0.771070731809458,15.254578066944,0.924542916927202
1.19484968608976,-0.505058793997616,-1.56821263586859,-0.944427998134265,14.871005187086,1.01787003114851
-0.834287238828902,-0.273603853919145,-1.19906597794333,-1.14221886557043,15.168908836097,1.05494210016333
-1.88458551071481,-0.0352231720599385,-1.78120518881888,-1.07534704522382,15.3680166919619,1.05528867606561
-1.61997480931739,0.00701287789897753,-0.24680536441734,-1.45387724570354,15.6007424103488,1.03480604024035
-1.70174506126363,-0.0505707082662901,0.438786753291388,-1.70855854750039,15.748123812797,1.12905735686777
-1.41545170497927,-0.253727725922888,14.5733867252765,-1.58473853014272,3.59888974966263,1.13529177815197
0.191729058902904,-0.141269621895243,13.9709728241171,-1.34035630890888,3.55160379999412,1.01510503150328
0.374352898415156,-0.146173670912628,12.591210835118,-1.21743161263211,4.6273566659993,1.0750549138557
-0.345615216601834,0.165889047773156,12.4535985409155,-0.9826842014819,4.19411512714453,1.16307364050695
-0.130348259292764,0.187151479378568,13.6500868605855,-1.06937438717438,3.68484349972517,0.916756370485331
-0.0131189603436113,0.135136212710072,9.96529186745205,-1.01312511823292,5.25981436568839,0.982161019512247
2.06747511871545,0.585551045350258,9.250197476061,-0.936040861298878,5.87138149991511,1.05926161900216
1.83550753511485,0.569481476014139,6.97585810027308,-0.882558423310694,5.78614548894599,1.16877382786035
2.17233599015168,0.32985889717173,5.96459293938243,-0.926094132903193,5.40415678793711,1.11130379451735
2.28989020400923,0.262178399719785,4.94932049462158,-0.776425329499818,6.16110021952952,0.616537812675037
2.24162950961552,0.188987345421449,4.33432155601028,-0.725276502587044,6.44251985218795,0.648359256770178
2.92527213787388,0.0282974283252941,2.37989339902872,-0.895780293983008,6.09743855847787,0.485878697512196
2.72540614722276,0.0645030575843872,1.96324418149603,-0.807732686006564,5.412279660647,0.719673024931115
2.89132936044348,0.0647918708362947,0.1541396325429,-0.784772032479937,5.09312657662689,0.907107049153883
2.79935678037361,-0.300903468728666,-0.176190524326018,-0.858454069306515,4.46337650117443,0.869457353635254
3.62214963340088,0.0295104439833045,7.4855412865764,-1.45608377894811,9.0374395997626,0.673512214634458
3.640149919326,-0.0383433414197849,8.29466605245716,-1.26668582461238,9.11019887824933,0.365544867860719
3.90541045054022,-0.027437753027767,9.78927463107718,-1.32674742847901,8.35269226081571,0.087463916394341
4.10376017161882,0.00946102803590287,11.0184060685441,-1.38727113354869,7.23797419309188,0.231737688252089
4.18553042356506,0.0670446142011714,4.54458482373005,-1.26276951691651,6.85277673869188,0.403390956390645
4.50100113862335,0.0571498721908283,4.15992889417738,-1.11722496675037,6.13551624791152,0.584910085214351
4.56942821833148,-0.0419477308035874,3.75998030293622,-1.03437022104322,5.69924216991173,0.819137632511132
0.486439174462185,0.812564037614394,4.02924811802065,-1.21666914564708,6.27910697642851,0.861922427648672
0.387859991254944,0.765395057312902,4.19820387038639,-1.3625891530407,5.59578926307855,1.00694711396138
0.893449249712478,1.18925160954695,4.38017788008185,-1.33616274049118,5.07861137288824,1.14181712633703
-0.0760535149523746,1.53221156992177,4.43277077325416,-1.47184142997217,12.6587895417833,0.476160343341195
-0.041460907705184,1.46438666584387,4.61745240718625,-1.57595860728474,13.1467034292242,0.952205450194878
-0.191116714512223,1.4797919647006,4.60262692001394,-1.69838175474243,9.64106651658005,1.17064646514241
-0.0407027729189274,1.42783446068249,3.58800430506988,-1.58004341290595,11.0537965382844,1.05822301870499
-0.160314781196315,1.59472808642961,3.11800405957861,-1.31976491028714,12.0826287652223,1.05479191727233
0.764847928969477,1.78954995363617,3.15238005688687,-1.37714632717607,12.8455506311292,1.07178568901456
0.550555716385596,1.72129182968041,3.22145696641179,-1.50757439173738,13.8573573168671,1.08921268063464
0.435275906886816,1.67931571164821,2.44064311954924,-1.461936121671,14.7910761196207,0.871516803877031
0.369881366323718,1.63220449399709,1.46700310505081,-1.71950555598693,15.5249289317231,0.690026556378515
1.70809756903596,1.11234064056404,-1.32574591128438,-1.54618491973084,15.3632296123115,0.486089742941767
1.59368419929291,1.02859057377598,-1.21219898129705,-1.42066090418691,14.7453064395247,0.678225646905584
1.59379250426237,1.0233688301815,-1.04887508734349,-1.29505024466741,14.10102183717,0.541333941766586
0.315187356743781,0.269185009211055,6.52948355806459,-1.07298173527593,15.2867663038691,0.172640720646828
0.182665396106141,0.258510471420563,6.2161789423956,-1.16752186515525,14.1874492028032,0.37438255336908
-1.34881019411984,0.496053594849239,4.88424442791234,-0.950519140202214,12.4086050623187,0.538388046597132
-1.79279558594556,0.302069286073215,4.58341654472575,-0.846604132165986,10.6009084779686,0.493466033395478
-1.77403716523418,0.197663295508744,4.73415540122744,-0.914226866967549,8.87530706047317,0.490462375575642
-1.52146997644129,0.0205572331741797,5.76407067785999,-0.969875404345038,8.00568313864914,0.81793039311816
1.32816373615198,-0.569782829989278,6.40933002493988,-0.879979391556388,7.20134545241874,1.19773137190627
2.2535430562567,-0.38540444997169,6.69627321104103,-1.11446687077988,5.67604324545228,1.13763511044941
3.08989569146101,0.0912471647109983,6.60061826200935,-1.30262292813242,6.58199265403494,0.658794291317265
2.26212080983834,0.00103345734524885,6.02649361887422,-1.62216013377756,7.4164080934333,0.391635270798771
4.24962530449458,0.176816754986078,4.99993579629509,-1.72838564782905,9.57633409947816,0.254402766022522
4.18141483472538,0.265470870791528,5.13386572153578,-1.78559377676684,9.963589348298,-0.016463630411212
4.36728782332159,0.10391451393965,5.31757261074268,-1.84271526172905,9.48100406535488,0.050581477886537
4.61768891272518,0.0312433234947482,3.97326966874649,-1.82938941828606,8.56647690319057,0.142984389701743
3.78601505220176,0.129012385530391,9.68917273724289,-1.41212936072557,8.06264218523837,0.434535591237074
4.01809094077183,0.139860211272027,10.4158774213606,-1.24898453098821,7.79207471052036,0.679495438974728
2.88461445233664,0.388539973694246,11.2102510504002,-1.14838509908387,10.2868290991069,0.67856874476141
2.99978595686595,0.435737835320929,10.7128063256465,-1.16491676962304,10.3681175756525,0.834931645423279
3.10128937424875,0.341919738571378,9.46469985752927,-0.989543586799922,10.8174802739964,0.845972426948756
2.02517119764234,0.225164093355353,9.81162233572026,-0.915832668648154,9.56875921269401,0.854654758808059
0.297620290696524,0.316151820236212,9.96257780216089,-0.993898890638684,9.25147403104136,0.932339084944652
1.48921322574675,-0.334515554985632,11.557823358408,-1.106004642499,9.46926211740224,0.823266568397931
1.47695310320329,-0.543414180090147,12.6512919911227,-1.02577232111917,10.7198690713604,0.663545189167317
4.01492843566345,-0.507664875769067,13.2744138024439,-1.46855191761817,10.6376701638776,0.580097690684703
5.20231913789843,-0.155728599524968,13.2390630604105,-1.36417480837889,9.75221104656204,0.828867886355098
4.87079762636539,-0.171971456812232,11.8584346316557,-1.19947616334626,9.61831266799619,0.885973583051534
4.87328864066309,-0.292071559485342,11.8397845159137,-1.10029191637628,10.2691407266106,0.761877510910721
5.03921185388381,-0.291782746233435,11.822109144897,-1.04810336175664,9.91979536980838,0.740558975692939
4.42183020594428,-0.125755560242034,11.1118884771319,-1.20599756657433,10.087444723836,0.647041822017978
1.67642919596433,1.0391784675909,9.68473223349481,-1.19803787335177,10.1215208532039,0.584589149975433
0.799202265283845,0.933212885466131,10.3141573940389,-1.14472294704969,7.31258128847655,1.54943784502442
0.731316710423045,1.00620177048813,10.2303293476728,-1.10309340491978,7.56366513483049,1.4404115725888
-0.738360064226083,0.664217998904755,10.7453411384738,-1.13352854540576,8.2483742304691,1.26948755744386
-0.903416837691077,0.622155236896983,8.91921104832075,-1.0897097988264,7.41838636954825,1.07562646319258
-1.39804563323873,0.469858232901252,4.44394140504844,-1.32204273119066,7.76987774213128,0.925072978987833
-1.88323023544902,0.662225187466595,4.40415015926692,-1.00357413457758,8.48059915026446,1.33751842538802
-1.80286794810583,0.787691440360143,3.36056679548786,-1.08894155557632,8.79931500910431,1.14525275296974
-1.45475411525072,0.803963178972598,1.49702816888151,-0.841532571462495,9.51445851036158,1.20353767449926
-1.92269656632215,0.965028553296234,-0.130968810131871,-0.75037155663049,9.52993583629586,1.29730917078528
-1.52491407447029,0.986608679478743,-1.02305518262299,-0.939913917592181,8.93347351079512,1.06731408422209
-1.82574195765688,1.09052368751497,1.95390185207359,-1.26893575042996,8.85381080378046,0.780745108240123
-1.9377942790656,0.0929396103671758,1.01712884918113,-1.70398670430793,7.63162230122259,1.33113095754213
-1.88899205982457,0.140021946693096,1.50188023151355,-1.87546668449534,7.70003468308333,1.18539264140582
-1.90818370041381,0.265314911635499,0.0703917890978627,-1.65863724749345,7.08263244602446,1.29911847163213
7.74917547785473,-0.548162269951502,-0.437558517694014,-1.16865978936776,10.352315095812,0.767201364201277
7.48391494664052,-0.559067858343519,2.07451026607006,-0.683869417246326,10.2061909303737,0.470123413971502
7.69896529401065,-0.527361939549141,8.25010294696463,-0.829777872109869,10.2881297147317,0.574403884505333
12.0476697499659,-0.592899442671935,11.6365610712092,-0.902212235688208,10.5730295673285,0.423757912078384
12.3155296004473,-0.707315700547511,13.2209544695159,-1.29109927938132,10.3225309980057,0.485909997398769
12.4806946788818,-0.670474682134222,14.7406031570763,-1.75842800229244,10.3214905055059,0.56924188560363
13.0759604520565,-0.570221826132177,12.1059981308592,-1.93533767161571,10.6050897424781,0.522760773432759
13.0112157413102,-0.648663505350186,10.6943511588496,-1.87513166112312,11.1066721581549,0.351582415676754
12.9451713709303,-0.664444261434398,7.75653554011773,-1.83324796333154,10.3579077429984,0.319292465100148
12.8293500365842,-0.680311661494183,4.81958636114161,-1.83313821429581,11.0906095551895,0.304685106505969
12.8805349651535,-0.74810768424689,5.0397487030705,-1.24789859316103,10.6079510968525,0.29359808086939
12.467676421552,-0.842821102077354,5.11989438047476,-1.11198885307852,11.1291728084627,-0.117136333420041
12.7331535627052,-0.842359000874303,4.06437580906064,-1.42192012996523,11.1632489378306,-0.179589005462586
13.0151147202109,-0.836646274751578,3.61127113880595,-1.97623362808578,12.852293418885,0.546715222983324
13.4447821950733,-0.752347462784889,1.12937611953488,-1.5158017656302,12.6167519292465,0.744304748692159
13.6257814600436,-0.678925357885028,2.24888126690906,-1.0908766043641,13.7982961935316,0.782404115725889
14.0565319846007,-0.64684398186317,3.44753568596843,-1.28200166194624,12.9984826151045,0.838584930200295
14.2539069609541,-0.562949508449152,5.17284614319378,-1.30217914196373,8.95100139474757,0.93484316335384
14.5378176079102,-0.651228167027123,4.79839254176473,-0.848522838397899,9.2325846775014,1.04981758457989
14.6700146536395,-0.624888398453181,2.75926989866138,-0.935623138908088,11.5164006837444,0.808197884588558
14.7358424140804,-0.598664155180004,10.1965627844885,-1.14951344324481,11.8162576160256,0.79298935255006
15.0851476015997,-0.639831596106862,2.19833972710206,-1.16572840544613,11.5344792409281,0.693639660362424
14.8372375264938,-0.687260508335071,3.43886484735668,-0.975579536655433,11.5022239734348,0.610261528046462
15.3004145589087,-0.618569164501451,3.71116520158613,-1.30408728190482,11.1509276931955,0.745190283212796
15.4520198551661,-0.727965848058879,3.3575278152883,-1.05405009719863,10.552059228789,0.707900188123342
15.5870328301015,-0.837391412941498,2.35156959790146,-1.3534512429208,9.93699809985465,0.634129269888711
15.8368923946577,-0.883953885413986,0.692012550785906,-1.34067414465643,9.12118694924336,0.638204532179528
15.8218163429082,-0.957087177061939,0.791891393626731,-1.35616608748873,9.00465178926764,0.638042677790673
15.6565429595043,-0.988706451880745,4.09213876217699,-1.27209254985853,8.43816865391691,0.673714228991575
15.3264294125743,-1.07283197589629,5.18939806882302,-1.3746212542856,8.02060600759765,0.782509280871687
15.7944801686152,-1.23911909381441,6.21108216777621,-1.03341727848238,9.06812183175442,0.888130830627461
15.4469078606074,-1.28149955039928,7.20185602844403,-0.801927680813679,9.57978401852282,1.24300813922019
14.9470804265254,-1.18315286185982,8.48260561435803,-0.951134383014003,9.46136296589124,1.39388533220265
14.4303357562129,-1.06916982386211,9.39345040756053,-0.865998012616784,8.56426333873439,1.2415976938316
14.0977311949853,-1.03319524520454,9.52544313699526,-1.66701677675575,8.72957158463745,1.33557728861758
13.811004618823,-0.809151253170007,8.94243748636398,-1.55837100765328,8.76390783713029,1.25229164452382
13.8757493295693,-0.730709573951998,6.77720453681533,-1.16527306674736,7.3980663388211,1.3076863091095
14.8893971997882,-0.802052223438127,5.88414341959903,-1.30781973535871,7.03213813280358,1.28113640882336
15.6684781671393,-0.764142595992782,4.01908852342017,-0.987306340922115,6.60013865304983,1.21282807621259
15.2256841299777,-1.01556608430812,0.267057805242695,-0.889398648525557,6.60072393008096,1.16595388909736
15.1767736057672,-1.05742667703956,-0.94548131090211,-0.828846062130683,6.60104908398714,1.13991267403334
14.8449271793258,-1.05800430354337,3.06225744018274,-1.25529038110181,6.43463531480306,1.13447321046503
14.7447234215766,-1.02684712992762,4.80423456906133,-1.24181435476782,6.30047681311226,1.21241187921268
14.0933246458755,-0.857950126451504,2.52545468952533,-0.974240429405831,6.23330001609501,1.25919357810571
14.1567696969882,-0.716847524099697,3.68213010241998,-1.54141766976633,6.11526914815085,1.37882131301134
14.2256299965742,-0.836832101472046,6.15741851855367,-1.68332317295844,6.01486162192176,1.42034852478047
14.1925536588995,-0.842111607716911,5.65932396398312,-1.66852438193071,9.28402402545944,0.930097361452051
13.909942671577,-0.816493872272737,6.893112515137,-1.95358306156316,9.48470901635513,0.857459423939406
14.3263752791708,-0.894097993060215,8.51645238046338,-1.8202091018324,8.15424426303856,0.746236556226466
14.444795932784,-1.00355243926802,10.1932515787178,-1.86428778033848,8.68892734636467,0.590729171619975
14.343942345218,-0.941064804085372,12.4833168360721,-1.87596738824561,8.98956464802078,0.513021723427831
15.0235776896062,-0.908550208185654,14.0261861090858,-1.86283793781391,10.5758604947216,0.135016578770471
15.0710802492136,-0.798806948725937,13.0891098522788,-1.48326800962732,11.4590435346938,0.0685348885482093
14.174228458066,-0.758592591530372,12.7199631943536,-1.28547714219116,11.8535852844554,0.470124529867324
14.125426238825,-0.805674927856292,8.24927631443711,-1.77596967414449,12.121642164712,0.335080164423235
13.6560758231505,-0.576726886804376,8.4243188060868,-1.41535167154806,12.0068628358297,0.194295748688677
15.2323463487473,-0.573983160911257,8.02631970429601,-1.4264883105416,11.9893695556771,0.261979785799575
15.5664671795475,-0.683062149891587,6.71628445463861,-1.46532214039305,12.1060347772153,0.251725154162823
15.5929152530909,-1.15821193566436,6.1358781232745,-1.48199821755818,12.5881729893023,0.304478123901833
15.8563345998242,-1.05853670616613,5.5162220709762,-1.20631441608263,12.8054408294133,0.237071551457542
12.2459451207134,-0.589625286634554,4.79430446650884,-0.800260312696152,12.5397250572812,0.184619168440692
12.5773583272769,-0.568160685752807,3.36693161293282,-0.781857132284622,12.5403753650935,0.132536738312653
14.8856404804953,-0.658137566251992,4.81750339096829,-1.11875779063443,13.6204716106498,0.295495205320371
15.3980529520291,-0.563250860470383,3.83115129934959,-0.837854218042896,13.7693920996812,0.368618705999581
1.970857718603,-0.393411339553807,4.75445116404058,-1.35321836101123,15.7026466990811,-0.012259400510331
1.65582022342258,-0.404403571921396,5.22066073560057,-1.43073583782314,15.8664038129126,0.092464284631237
0.345135143948391,-0.411906940205947,3.35203177542936,-0.937904904768607,15.8975306611369,0.191735175576798
0.109160276477571,-0.234771996546191,2.81836986888644,-0.808285517312632,15.8963393064727,0.249174355116112
4.63680620298326,-0.127674266473945,2.35649249610507,-0.93963778428005,15.8779058006698,0.337915114897134
4.10336090637927,-0.00849836620693711,3.37490578498041,-1.24073715192343,15.8593639898973,0.431877618272638
2.61613872667678,0.495440324515948,4.63787169490822,-1.33253355590963,15.8734652969217,0.55200660227094
2.28342586047963,0.536636646767998,4.3682789649154,-1.13456940052233,15.7888791157694,0.630188349562233
13.096810621826,-0.8126873136126,3.1840507677888,-0.838980589725334,15.7534200687664,0.739787202395997
12.910287803413,-0.619800495193824,3.13730634296761,-0.985276054346433,15.7673047658519,0.870359673583264
14.718417607641,-0.595765456370102,4.37026240900409,-1.2674071538438,15.798864833954,0.948743590150892
,,,,15.8792271212972,1.07420984304444
,,,,15.8285837175753,1.11589714782473
,,,,15.5626733565443,1.13632202099961
,,,,15.4456606675341,1.17789380047914
,,,,15.245578066944,1.2245429169272
,,,,14.862005187086,1.31787003114851
,,,,15.159908836097,1.35494210016333
,,,,15.3590166919619,1.35528867606561
,,,,15.5917424103488,1.33480604024035
,,,,15.739123812797,1.42905735686776
,,,,15.8351036767371,1.60154818343685
,,,,15.8129878019723,1.8678282254303
,,,,15.7780702798167,1.95131836029165
,,,,3.45932426363451,0.974592953823095
,,,,3.25999979783073,0.984689865109772
,,,,3.44457312679335,0.885794431391692
,,,,3.71113331764115,0.834039096649912
,,,,3.99428582981102,0.782312643233324
,,,,4.39271815147966,0.772562307848935
,,,,4.70916361126314,0.715671873488245
,,,,4.86347653175719,0.475731600068739
,,,,4.89189575574486,0.705546080876377
,,,,4.89406185513416,0.601111208986715
,,,,5.07408637537925,0.721529006236924
,,,,5.25768495961669,0.669629264869191
,,,,5.34237944573849,0.586225773983415
,,,,5.39367267927722,0.513208007636224
,,,,5.52760260451791,0.455999878698436
,,,,5.77811199889096,0.37810694465905
,,,,5.9449016518674,0.336621809155093
,,,,6.22805416403727,0.284895355738504
,,,,6.52899035219332,0.175758604107792
,,,,6.77917483165798,0.113530900851856
,,,,6.96234019601756,0.0825181338620557
,,,,7.23020004649894,-0.03189812401352
,,,,7.46335898476366,-0.073267734216716
,,,,7.08086915460029,-0.032158055940237
,,,,7.84574050995756,-0.109155668898711
,,,,8.11208409086643,-0.150467516451524
,,,,8.21315428837137,-0.223398638823142
,,,,8.56235117092113,-0.259344336155518
,,,,8.87901324064354,-0.326678257705175
,,,,9.22777690331544,-0.341736980659619
,,,,9.13006415986392,-0.430679909716977
,,,,9.21443373107733,-0.498418169819303
,,,,9.51352873475247,-0.518785280343802
,,,,9.81305695830548,-0.560039365246234
,,,,10.0277823907672,-0.512668215668407
,,,,10.2436991778931,-0.522736245629894
,,,,10.691691853589,-0.521956449849744
,,,,10.8747489129791,-0.547747473245062
,,,,11.0914238348912,-0.59436770836793
,,,,11.4568881238547,-0.614619293591666
,,,,11.5732509830481,-0.624860611504297
,,,,11.9873008813136,-0.587586373213147
,,,,12.2211096493952,-0.660286444983241
,,,,12.6854780364742,-0.649034280688935
,,,,12.8666939113834,-0.586055662978039
,,,,12.8643112020552,-0.471177303899411
,,,,13.1113548374054,-0.381974442915337
,,,,13.5592392081318,-0.375972903540705
,,,,13.6597678807894,-0.422795307939909
,,,,13.3940741296974,-0.412813921953994
,,,,13.9588628844646,-0.443162418464408
,,,,14.2077477042957,-0.442729198586547
,,,,14.5060845731846,-0.426544103949664
,,,,14.6386065338222,-0.415869566159172
,,,,14.5372114214089,-0.327273213004105
,,,,14.5022938992533,-0.243783078142757
,,,,14.7344780927928,-0.238156995995603
,,,,14.9664456763934,-0.222087426659484
,,,,4.59988974966263,1.03529177815197
,,,,4.55260379999412,0.915105031503284
,,,,5.6283566659993,0.975054913855695
,,,,5.19511512714453,1.06307364050695
,,,,4.68584349972517,0.816756370485331
,,,,6.26081436568839,0.882161019512247
,,,,6.87238149991511,0.959261619002158
,,,,6.78714548894599,1.06877382786035
,,,,6.40515678793711,1.01130379451735
,,,,7.16210021952952,0.516537812675037
,,,,7.44351985218795,0.548359256770178
,,,,7.09843855847787,0.385878697512196
,,,,6.413279660647,0.619673024931115
,,,,6.09412657662689,0.807107049153883
,,,,5.46437650117443,0.769457353635254
,,,,10.0384395997626,0.573512214634458
,,,,10.1111988782493,0.265544867860719
,,,,9.35369226081571,-0.012536083605659
,,,,8.23897419309188,0.131737688252089
,,,,7.85377673869188,0.303390956390645
,,,,7.13651624791152,0.484910085214351
,,,,6.70024216991173,0.719137632511132
,,,,7.28010697642851,0.761922427648672
,,,,6.59678926307855,0.906947113961379
,,,,6.07961137288824,1.04181712633703
,,,,13.6597895417833,0.376160343341195
,,,,14.1477034292242,0.852205450194878
,,,,10.64206651658,1.07064646514241
,,,,12.0547965382844,0.958223018704992
,,,,13.0836287652223,0.954791917272334
,,,,13.8465506311292,0.971785689014557
,,,,14.8583573168671,0.98921268063464
,,,,13.4096050623187,0.438388046597132
,,,,11.6019084779686,0.393466033395478
,,,,9.87630706047317,0.390462375575642
,,,,9.00668313864914,0.71793039311816
,,,,8.20234545241874,1.09773137190627
,,,,6.67704324545228,1.03763511044941
,,,,7.58299265403494,0.558794291317265
,,,,8.4174080934333,0.291635270798771
,,,,10.5773340994782,0.154402766022522
,,,,10.964589348298,-0.116463630411212
,,,,10.4820040653549,-0.049418522113463
,,,,9.56747690319057,0.0429843897017427
,,,,9.06364218523837,0.334535591237074
,,,,8.79307471052036,0.579495438974728
,,,,8.308106718249,0.761418906351105
,,,,6.7589557570063,1.05115058439942
,,,,7.47903217699275,0.733866122119152
,,,,6.99233130520995,0.999337487007259
,,,,7.04373284371814,0.921097977065585
,,,,6.71611031108586,0.71687235037693
,,,,7.03493848019757,0.545103556937612
,,,,6.35963533458804,0.30371921725857
,,,,6.53673562065756,0.565124091559823
,,,,5.95838708371329,0.449234886099519
,,,,6.62608722046637,0.257185626111274
,,,,8.17155581274726,0.144993230275384
,,,,7.92072150346581,0.238551395098218
,,,,7.92061319849634,0.243773138692702
,,,,7.553307725052,0.35279436502265
,,,,9.31126130007417,0.358783365627958
,,,,9.48144236174235,0.116577810074251
,,,,9.77631347160835,0.299858699734593
,,,,11.5123338271663,0.600530623765155
,,,,12.4266443793917,0.518571199138916
,,,,13.4704443531097,0.593495132948695
,,,,13.7318059054232,0.792383490742104
,,,,13.4473537336197,0.906770867292489
,,,,11.4910843921573,0.825036717002737
,,,,10.9561228259808,1.01731702759251
,,,,10.3114389583865,0.862465928210668
,,,,8.95855826280869,0.489353864336729
,,,,10.4856799932622,-0.338275166593726
,,,,12.1585802126158,-0.19437107569842
,,,,13.9480599011019,-0.07115178990471
,,,,12.1216048960404,-0.011667812541893
,,,,10.9585178289534,0.0646366486120026
,,,,11.3071731866559,0.0547996692520415
,,,,13.4762863804063,0.200203616578769
,,,,12.9969502465471,0.110596417042025
,,,,12.8745223090637,0.41325537624571
,,,,14.8865253878129,0.207880272814464
,,,,14.9665627602477,0.349011756491461
,,,,14.6308173549055,0.536416899389037
,,,,14.6774534747573,0.68793410760462
,,,,8.84899988199262,0.897109993430964
,,,,8.43961997952315,0.857935505112719
,,,,8.26893134764596,1.08740341001807
,,,,4.20352166346834,1.05714634750902
,,,,11.2518387146086,0.359868317215883
,,,,14.5720358585344,0.282096684742298
,,,,11.1155044190458,-0.267000846048805
,,,,3.44357312679335,1.08579443139169
,,,,3.71013331764115,1.03403909664991
,,,,3.99328582981102,0.982312643233324
,,,,4.39171815147966,0.972562307848935
,,,,4.70816361126314,0.915671873488245
,,,,4.86247653175719,0.675731600068739
,,,,4.89089575574486,0.905546080876377
,,,,4.89306185513416,0.801111208986715
,,,,5.07308637537925,0.921529006236924
,,,,5.25668495961669,0.869629264869191
,,,,5.34137944573849,0.786225773983415
,,,,5.39267267927722,0.713208007636224
,,,,5.52660260451791,0.655999878698436
,,,,5.77711199889096,0.57810694465905
,,,,5.9439016518674,0.536621809155093
,,,,6.22705416403727,0.484895355738504
,,,,6.52799035219332,0.375758604107792
,,,,6.77817483165798,0.313530900851856
,,,,6.96134019601756,0.282518133862056
,,,,7.22920004649894,0.16810187598648
,,,,7.46235898476366,0.126732265783284
,,,,7.07986915460029,0.167841944059763
,,,,7.84474050995756,0.090844331101289
,,,,8.11108409086643,0.049532483548476
,,,,8.21215428837137,-0.023398638823142
,,,,8.56135117092113,-0.059344336155518
,,,,8.87801324064354,-0.126678257705175
,,,,9.22677690331544,-0.141736980659619
,,,,9.12906415986392,-0.230679909716977
,,,,9.21343373107733,-0.298418169819303
,,,,9.51252873475247,-0.318785280343802
,,,,9.81205695830548,-0.360039365246234
,,,,10.0267823907672,-0.312668215668407
,,,,10.2426991778931,-0.322736245629894
,,,,10.690691853589,-0.321956449849744
,,,,10.8737489129791,-0.347747473245062
,,,,11.0904238348912,-0.39436770836793
,,,,11.4558881238547,-0.414619293591666
,,,,11.5722509830481,-0.424860611504297
,,,,11.9863008813136,-0.387586373213147
,,,,12.2201096493952,-0.460286444983241
,,,,12.6844780364742,-0.449034280688935
,,,,12.8656939113834,-0.386055662978039
,,,,12.8633112020552,-0.271177303899411
,,,,13.1103548374054,-0.181974442915337
,,,,13.5582392081318,-0.175972903540705
,,,,13.6587678807894,-0.222795307939909
,,,,13.3930741296974,-0.212813921953994
,,,,13.9578628844646,-0.243162418464408
,,,,14.2067477042957,-0.242729198586547
,,,,14.5050845731846,-0.226544103949664
,,,,14.6376065338222,-0.215869566159172
,,,,14.5362114214089,-0.127273213004105
,,,,14.5012938992533,-0.043783078142757
,,,,14.7334780927928,-0.038156995995603
,,,,14.9654456763934,-0.022087426659484
,,,,4.68484349972517,1.01675637048533
,,,,6.25981436568839,1.08216101951225
,,,,7.16110021952952,0.716537812675037
,,,,7.44251985218795,0.748359256770178
,,,,7.09743855847787,0.585878697512196
,,,,6.412279660647,0.819673024931115
,,,,6.09312657662689,1.00710704915388
,,,,5.46337650117443,0.969457353635254
,,,,10.0374395997626,0.773512214634458
,,,,10.1101988782493,0.465544867860719
,,,,9.35269226081571,0.187463916394341
,,,,8.23797419309188,0.331737688252089
,,,,7.85277673869188,0.503390956390645
,,,,7.13551624791152,0.684910085214351
,,,,6.69924216991173,0.919137632511132
,,,,7.27910697642851,0.961922427648672
,,,,13.6587895417833,0.576160343341195
,,,,14.1467034292242,1.05220545019488
,,,,13.4086050623187,0.638388046597132
,,,,11.6009084779686,0.593466033395478
,,,,9.87530706047317,0.590462375575642
,,,,9.00568313864914,0.91793039311816
,,,,7.58199265403494,0.758794291317265
,,,,8.4164080934333,0.491635270798771
,,,,10.5763340994782,0.354402766022522
,,,,10.963589348298,0.083536369588788
,,,,10.4810040653549,0.150581477886537
,,,,9.56647690319057,0.242984389701743
,,,,9.06264218523837,0.534535591237074
,,,,8.79207471052036,0.779495438974728
,,,,8.307106718249,0.961418906351105
,,,,7.47803217699275,0.933866122119152
,,,,6.71511031108586,0.91687235037693
,,,,7.03393848019757,0.745103556937612
,,,,6.35863533458804,0.50371921725857
,,,,6.53573562065756,0.765124091559823
,,,,5.95738708371329,0.649234886099519
,,,,6.62508722046637,0.457185626111274
,,,,8.17055581274726,0.344993230275384
,,,,7.91972150346581,0.438551395098218
,,,,7.91961319849634,0.443773138692702
,,,,7.552307725052,0.55279436502265
,,,,9.31026130007417,0.558783365627958
,,,,9.48044236174235,0.316577810074252
,,,,9.77531347160835,0.499858699734593
,,,,11.5113338271663,0.800530623765155
,,,,12.4256443793917,0.718571199138916
,,,,13.4694443531097,0.793495132948695
,,,,13.7308059054232,0.992383490742104
,,,,11.4900843921573,1.02503671700274
,,,,10.3104389583865,1.06246592821067
,,,,8.95755826280869,0.689353864336729
,,,,10.4846799932622,-0.138275166593726
,,,,12.1575802126158,0.00562892430157999
,,,,13.9470599011019,0.12884821009529
,,,,12.1206048960404,0.188332187458107
,,,,10.9575178289534,0.264636648612003
,,,,11.3061731866559,0.254799669252042
,,,,13.4752863804063,0.400203616578769
,,,,12.9959502465471,0.310596417042025
,,,,12.8735223090637,0.61325537624571
,,,,14.8855253878129,0.407880272814464
,,,,14.9655627602477,0.549011756491461
,,,,14.6298173549055,0.736416899389037
,,,,14.6764534747573,0.88793410760462
,,,,8.84799988199262,1.09710999343096
,,,,8.43861997952315,1.05793550511272
,,,,11.2508387146086,0.559868317215883
,,,,14.5710358585344,0.482096684742298
,,,,11.1145044190458,-0.067000846048805
,,,,7.22020004649894,0.46810187598648
,,,,7.45335898476366,0.426732265783284
,,,,7.07086915460029,0.467841944059763
,,,,7.83574050995756,0.390844331101289
,,,,8.10208409086643,0.349532483548476
,,,,8.20315428837137,0.276601361176858
,,,,8.55235117092113,0.240655663844482
,,,,8.86901324064354,0.173321742294825
,,,,9.21777690331544,0.158263019340381
,,,,9.12006415986392,0.069320090283023
,,,,9.20443373107733,0.00158183018069705
,,,,9.50352873475247,-0.018785280343802
,,,,9.80305695830548,-0.060039365246234
,,,,10.0177823907672,-0.012668215668407
,,,,10.2336991778931,-0.022736245629894
,,,,10.681691853589,-0.021956449849744
,,,,10.8647489129791,-0.047747473245062
,,,,11.0814238348912,-0.09436770836793
,,,,11.4468881238547,-0.114619293591666
,,,,11.5632509830481,-0.124860611504297
,,,,11.9773008813136,-0.087586373213147
,,,,12.2111096493952,-0.160286444983241
,,,,12.6754780364742,-0.149034280688935
,,,,12.8566939113834,-0.086055662978039
,,,,12.8543112020552,0.028822696100589
,,,,13.1013548374054,0.118025557084663
,,,,13.5492392081318,0.124027096459295
,,,,13.6497678807894,0.077204692060091
,,,,13.3840741296974,0.087186078046006
,,,,13.9488628844646,0.056837581535592
,,,,14.1977477042957,0.057270801413453
,,,,14.4960845731846,0.073455896050336
,,,,14.6286065338222,0.084130433840828
,,,,14.5272114214089,0.172726786995895
,,,,14.4922938992533,0.256216921857243
,,,,14.7244780927928,0.261843004004397
,,,,14.9564456763934,0.277912573340516
,,,,5.61026240128002,1.75736221080768
,,,,5.53141638350935,1.55879154759137
,,,,5.99849239482505,1.4395001220236
,,,,6.82648388638665,1.51927034220038
,,,,6.87821033980324,1.42536560147526
,,,,7.42478219870641,1.4733143775569
,,,,7.65469198788718,1.5885970751882
,,,,7.63355085784757,1.8078814248313
,,,,10.7673241209803,0.281017195999027
,,,,11.0783543322905,0.485213941362491
,,,,11.3902509833565,0.647636737970091
,,,,12.0039502623342,0.659148834191114
,,,,12.4223323593783,0.487553328702939
,,,,11.85776021455,0.507458338024387
,,,,11.4067349997091,0.652887362889764
,,,,7.36451194634649,1.14193484234431
,,,,7.14328821571683,1.40786830843547
,,,,7.05751067990038,1.54348923526608
,,,,6.63815383813105,1.7620804331046
,,,,6.60984291911284,1.52704420870248
,,,,6.87835259941102,1.38129748926
,,,,9.05658507159044,1.88703062593125
,,,,8.8228846084784,1.95450895410686
,,,,8.65717800519661,1.94377665366599
,,,,8.75813989773208,1.87606727488885
,,,,8.72477259978732,1.84760663080667
,,,,8.82551788238387,1.7903407392185
,,,,9.01283279022144,1.52205534701756
,,,,9.20500912804053,1.85659351296677
,,,,9.33471515947207,2.00303338421382
,,,,9.61873411139766,1.90953298204137
,,,,9.55402335528967,1.79224493420259
,,,,9.45728535656334,1.65630631279488
,,,,9.12413927048833,1.71838960942487
,,,,8.95908249702333,1.67632684741709
,,,,8.96038215665691,1.6136659242833
,,,,8.89542083597167,1.54566773225425
,,,,7.67887443595666,1.799424831645
,,,,7.07786849940027,1.97592438615056
,,,,6.91129545636276,2.00696603446555
,,,,6.08893582321335,1.65566514737565
,,,,6.03764258967462,1.72868291372284
,,,,7.08534154229336,1.61562407813123
,,,,7.50274889461232,1.4910242649934
,,,,7.89663240756343,1.7005871605773
,,,,5.66078461792345,1.4982619250862
,,,,5.69602705498743,1.3991065594414
,,,,5.71673496514918,1.20070918417623
,,,,6.31113429856819,1.34273598893414
,,,,6.72388453720014,1.44267115035909
,,,,7.05475621891638,1.49024446921325
,,,,7.23802988824543,1.45400995862897
,,,,6.94153420383745,1.34905522288587
,,,,6.79350297157239,1.28613436782536
,,,,5.27028022001965,1.92578062935442
,,,,5.00751070310314,1.79477493828929
,,,,9.34678325936545,0.54677145670355
,,,,10.1214576776068,0.759926202901928